country,location_name,last_updated,temperature_celsius,humidity,wind_kph,precip_mm,air_quality_PM2.5,anomaly_score
Iceland,Vestmannaeyjar,2025-01-14 11:00,7.3,100,50.8,4.37,4.407,-0.1608354240317834
Vietnam,Hanoi,2024-09-07 19:00,26.2,89,56.2,27.82,9.435,-0.1499207323752979
Bangladesh,Dhaka,2024-05-27 20:30,25.3,95,52.6,9.14,19.3,-0.14963848326195783
Japan,Tokyo,2024-11-02 18:15,18.1,94,37.1,11.97,99.16,-0.14933224337569395
Bangladesh,Dhaka,2025-05-29 14:45,24.8,96,45.7,21.67,15.91,-0.1469107335702734
Kuwait,Kuwait City,2025-07-01 12:00,43.7,7,42.1,0.0,353.165,-0.1442510900179499
New Zealand,Wellington,2024-09-01 00:00,16.3,88,54.0,6.29,2.5,-0.13353340375221323
Japan,Tokyo,2024-05-28 23:30,22.8,93,56.9,3.18,2.5,-0.1331402881456193
Chile,Santiago,2024-06-13 10:00,11.2,94,9.0,4.41,338.5,-0.13303275190362507
Iceland,Vestmannaeyjar,2025-02-06 10:15,8.0,100,91.1,2.02,8.63,-0.13285955090325263
Denmark,Copenhagen,2025-10-04 08:30,10.3,82,57.6,4.61,8.05,-0.13221697569511115
Iceland,Vestmannaeyjar,2025-02-19 10:15,7.1,100,42.1,2.18,7.345,-0.1295287025301971
Ireland,Dublin,2025-01-05 10:15,3.3,87,33.1,4.18,4.44,-0.12815892026978493
Kuwait,Kuwait City,2025-06-24 11:45,44.8,6,40.7,0.0,214.415,-0.12535301886144956
New Zealand,Wellington,2025-04-30 20:45,14.0,94,45.0,3.16,9.25,-0.12450508248524939
Kuwait,Kuwait City,2025-06-19 12:15,41.4,5,43.2,0.0,232.545,-0.1219292199851223
Iceland,Vestmannaeyjar,2024-11-03 09:15,7.3,100,47.2,2.83,5.141,-0.12000191356168499
Iceland,Vestmannaeyjar,2025-01-12 10:30,7.2,93,33.8,3.71,3.672,-0.1194341214767588
Kuwait,Kuwait,2024-07-13 16:00,44.4,16,37.8,0.0,176.7,-0.1164715345428039
Guatemala,Guatemala City,2024-06-16 07:45,16.9,99,11.2,6.12,183.9,-0.1162170650201495
Montenegro,Podgorica,2024-12-23 11:45,5.5,97,3.6,17.83,7.955,-0.11451926656009914
Estonia,Tallinn,2024-11-20 10:45,0.1,93,44.6,1.48,10.545,-0.1143633167745447
China,Beijing,2024-08-09 20:30,23.9,98,14.4,3.92,122.7,-0.1131327782352104
Iceland,Vestmannaeyjar,2025-03-26 09:30,7.1,100,17.6,6.91,3.846,-0.11312301015029491
Uruguay,Montevideo,2025-05-18 05:45,17.2,100,38.5,10.19,7.585,-0.11225284182431206
Netherlands,Amsterdam,2024-09-27 12:00,12.2,88,31.3,4.87,6.105,-0.11098932300023956
Kuwait,Kuwait City,2025-07-04 12:00,41.1,10,38.5,0.0,233.47,-0.11089072848157011
Kuwait,Kuwait City,2025-07-21 11:30,45.3,7,36.7,0.0,155.955,-0.10999512431753689
Kuwait,Kuwait City,2025-08-04 11:30,44.9,9,36.0,0.0,227.365,-0.10863053434653658
Finland,Helsinki,2024-11-20 10:45,0.3,100,41.4,0.83,6.845,-0.10669524439972
Luxembourg,Luxembourg,2025-01-09 11:30,8.3,100,26.6,4.14,3.145,-0.10663824581632364
Iceland,Vestmannaeyjar,2025-01-23 10:30,3.1,93,70.2,0.35,3.672,-0.1060838084009742
Kuwait,Kuwait City,2025-06-18 12:15,43.1,6,42.5,0.0,159.84,-0.10593236916972426
Austria,Vienna,2024-09-14 14:15,9.1,87,46.1,3.33,2.035,-0.10557838032523525
United States of America,Washington Harbor,2025-02-25 02:00,6.8,97,29.2,2.71,0.925,-0.10540072550628832
Vietnam,Hanoi,2024-06-10 21:15,28.4,94,6.8,4.72,160.5,-0.10521111560439222
Iceland,Vestmannaeyjar,2024-08-21 12:15,8.2,87,50.0,1.64,0.5,-0.10477098978606403
Bosnia and Herzegovina,Sarajevo,2024-12-23 11:45,0.5,98,9.0,5.16,21.46,-0.10444465020781357
Ireland,Dublin,2024-11-23 09:00,13.2,88,33.5,3.12,3.33,-0.10435135561635411
Kuwait,Kuwait City,2025-07-24 11:45,46.4,8,29.9,0.0,181.3,-0.10340291798703694
Iceland,Vestmannaeyjar,2024-11-15 09:00,3.3,60,76.7,0.25,4.04,-0.1029974749069229
Canada,Ottawa,2024-12-08 05:30,1.4,100,16.6,5.97,13.875,-0.10289190672017823
Bahamas,Nassau,2024-11-05 04:00,25.2,94,46.8,4.65,25.9,-0.10189432028342804
Iceland,Vestmannaeyjar,2025-02-04 10:30,1.3,69,59.8,0.57,5.141,-0.1014386875217752
Azerbaijan,Baku,2025-04-16 12:45,9.3,93,56.9,3.27,14.985,-0.10126111527755699
Indonesia,Jakarta,2024-05-22 21:15,29.0,79,15.1,2.49,384.8,-0.10113698598930199
Kuwait,Kuwait City,2025-08-20 12:30,44.2,12,29.5,0.0,229.215,-0.10093529863633544
Ireland,Dublin,2025-01-28 11:00,6.1,93,22.0,4.12,4.995,-0.10047974493984235
Vanuatu,Port Vila,2025-02-01 21:30,28.4,79,45.4,6.95,10.915,-0.10000374205988971
Pakistan,Islamabad,2025-07-08 13:45,26.3,87,5.4,9.88,85.285,-0.09947138067155659
Iceland,Vestmannaeyjar,2025-03-20 09:45,6.3,100,42.8,1.33,1.748,-0.09911215045952404
China,Beijing,2024-12-24 18:15,0.7,28,3.6,0.0,625.485,-0.09898679326780735
United Kingdom,London,2025-09-03 09:00,18.0,94,31.7,4.13,7.585,-0.09894747587404129
Iceland,Grindavik,2024-05-24 14:30,9.0,93,65.2,2.5,0.9,-0.09894738743896458
Iceland,Vestmannaeyjar,2025-03-04 09:45,2.3,69,67.3,0.31,5.508,-0.09893927549976111
Saudi Arabia,Riyadh,2025-06-30 12:00,41.3,4,30.2,0.0,383.32,-0.09869260488322051
Iceland,Vestmannaeyjar,2025-02-23 10:00,6.1,81,60.1,0.71,2.387,-0.09852439789750322
Kuwait,Kuwait City,2025-07-05 11:45,41.2,7,37.1,0.0,211.455,-0.09843473791094715
Indonesia,Jakarta,2024-05-16 21:00,29.0,84,15.1,2.05,492.5,-0.09770344651527318
Qatar,Doha,2025-06-25 11:45,43.2,9,38.5,0.0,110.63,-0.09747572007928207
Japan,Tokyo,2025-01-06 18:45,6.1,87,8.3,3.05,111.185,-0.09718563861611307
Kuwait,Kuwait City,2025-08-05 11:30,44.8,9,25.2,0.0,285.085,-0.0970256339322848
Iceland,Vestmannaeyjar,2024-12-25 10:15,1.2,65,76.0,0.41,6.059,-0.09696559084945766
Norway,Oslo,2025-10-04 08:30,7.1,81,24.5,3.69,3.95,-0.09688441946257897
Canada,Ottawa,2025-02-13 05:15,-9.8,85,27.4,6.87,7.955,-0.0966822354342699
Kuwait,Kuwait City,2024-09-13 15:30,43.8,9,38.2,0.0,133.94,-0.09657998464557571
Kuwait,Kuwait City,2025-06-25 12:00,40.6,15,40.0,0.0,189.07,-0.0965348420926323
Malaysia,Kuala Lumpur,2024-08-19 20:30,28.1,84,3.6,3.09,242.2,-0.09636051162279002
Kuwait,Kuwait City,2025-07-23 11:45,46.1,9,29.9,0.0,142.08,-0.09446501836018839
China,Beijing,2024-12-25 18:15,0.6,24,23.4,0.0,319.68,-0.0937950058861532
Iceland,Vestmannaeyjar,2024-08-15 12:15,8.2,100,43.9,1.0,0.7,-0.09375420069371976
Iceland,Vestmannaeyjar,2024-12-15 10:30,2.3,80,47.5,0.33,7.161,-0.09311522306020592
Kuwait,Kuwait City,2025-06-03 12:00,39.2,9,43.6,0.0,204.24,-0.09295691312874155
North Korea,Pyongyang,2025-04-12 18:15,1.8,98,6.5,4.53,70.485,-0.09283119173272092
India,New Delhi,2024-07-03 18:30,26.2,100,4.0,5.71,65.4,-0.09257206307714028
San Marino,San Marino,2024-12-20 11:45,8.2,89,61.9,2.65,6.939,-0.09238036414808126
China,Beijing,2024-07-19 20:30,27.1,62,69.1,0.74,169.1,-0.09221361587278987
China,Beijing,2025-01-25 18:15,1.3,55,3.6,0.0,582.38,-0.0921536947346453
Finland,Helsinki,2024-12-22 11:45,3.1,98,37.1,0.99,4.81,-0.09161085307469508
China,Beijing,2025-02-02 18:15,0.2,14,16.6,0.0,331.705,-0.0907255621146208
Iceland,Vestmannaeyjar,2024-10-19 09:30,5.3,93,48.6,0.18,3.856,-0.09060267720405124
Kuwait,Kuwait City,2025-07-20 11:30,45.3,7,29.9,0.0,152.44,-0.09047829573084565
Mongolia,Ulaanbaatar,2024-12-17 19:15,-16.5,80,7.9,0.0,253.265,-0.090351503260652
Iceland,Vestmannaeyjar,2024-10-25 09:15,6.4,100,47.2,0.7,6.61,-0.09014426320227131
Kuwait,Kuwait City,2025-06-15 11:45,47.2,5,32.4,0.0,182.595,-0.09012262077778477
Kuwait,Kuwait City,2025-06-23 12:00,43.3,5,33.1,0.0,154.29,-0.09007717112913816
Bangladesh,Dhaka,2024-06-18 19:45,27.4,88,33.1,8.89,14.1,-0.08941394905406463
Vietnam,Hanoi,2024-06-16 20:45,28.3,87,7.2,8.17,87.8,-0.08939344197029697
Qatar,Doha,2025-07-04 12:00,43.2,12,40.7,0.0,103.6,-0.08935904988131793
Kuwait,Kuwait City,2025-07-18 11:30,46.0,12,35.3,0.0,175.75,-0.0893053810500507
Ireland,Dublin,2024-09-26 10:30,12.0,100,36.4,1.57,4.255,-0.0887400713248
China,Beijing,2024-12-20 18:15,-0.0,25,20.9,0.0,315.24,-0.08849384133669891
Finland,Helsinki,2024-11-21 10:30,1.2,93,43.6,0.15,2.96,-0.08825809255940587
Canada,Ottawa,2025-04-08 05:30,-0.7,100,7.6,3.9,7.03,-0.08789134644784946
Iceland,Vestmannaeyjar,2025-01-16 10:00,8.3,100,47.2,0.14,1.469,-0.08723835179744288
Kuwait,Kuwait City,2024-09-26 12:30,39.7,9,38.9,0.0,207.2,-0.08723492115913634
Samoa,Apia,2025-01-08 23:15,26.3,89,41.8,4.28,10.545,-0.08679154815498447
Qatar,Doha,2025-06-26 12:00,45.3,9,33.5,0.0,116.735,-0.08609474042978682
Kuwait,Kuwait City,2025-08-26 11:15,42.6,12,27.7,0.0,250.675,-0.08594524653398261
Saudi Arabia,Riyadh,2024-12-15 13:30,14.1,13,21.2,0.0,530.58,-0.0854873371657181
